{
    "autoAdd": {
        "status": true,
        "message": "Hello @!, thanks for add me as your friend\nSelfbot by Hello World",
        "reply": true
    },
    "admin": {
        "target": {
            "u1356c0c977d8e1416a08e2a6c2d83c7f": true,
            "u205e00175e0be96d571a70021cb0492a": true,
            "udf060a89ebb2af83af77edddb767c329": true,
            "u58292ddcb9dc2e39f0930677b327779f": true,
            "u1b780950cc63e14701de9ba469e7ba0a": true,
            "u8da53fce926022f93eaf045c9cd16572": true,
            "ub4a77bd5200723f9c23d52a18e83887e": true
        }
    },
    "autoJoin": {
        "status": false,
        "message": "Hello @!, thanks for invite me to this group\nSelfbot by Hello World",
        "reply": false,
        "ticket": false
    },
    "autoRead": false,
    "autoRespond": {
        "status": false,
        "message": "Hello @!"
    },
    "autoRespondMention": {
        "status": false,
        "message": "Hello @!, thanks for mentioned me, if your message is very important please leave it on personal chat\nSelfbot by Hello World"
    },
    "changeProfileVideo": {
        "status": false,
        "stage": 2,
        "picture": "/data/data/com.termux/files/usr/tmp/linepy-1560695194-3.bin",
        "video": "/data/data/com.termux/files/usr/tmp/linepy-1560695276-1.bin"
    },
    "changeGroupPicture": [],
    "changePictureProfile": false,
    "ChangeVideoProfilevid": false,
    "changeCoverProfile": false,
    "checkContact": false,
    "checkPost": false,
    "autoLike": true,
    "checkSticker": false,
    "detectFlood": false,
    "commentPost": "Like by rie~",
    "defaultReplyReader": "Hello @!, come here join to chat",
    "addSticker": {
        "name": "",
        "status": false
    },
    "greet": {
        "join": {
            "status": false,
            "message": "Hi @!"
        },
        "leave": {
            "status": true,
            "message": "already active"
        }
    },
    "myProfile": {
        "coverId": "45b04ba1892e367613e633f09ef4fdd9",
        "displayName": "\u0fcc Rie",
        "pictureStatus": "0hJwqfevb3FVhMHz4ypLpqD3BaGzU7MRMQNCkIPzwbTDhgLFcPcX9ZPDsfTjhpJ1oJIH5ZamEZTmk2",
        "statusMessage": "Love u \"R\""
    },
    "mimic": {
        "status": true,
        "target": {}
    },
    "restartPoint": null,
    "setKey": {
        "status": false,
        "key": "eva "
    },
    "copyright": "If you respect the author please don't remove this copyright\n\u00a9 2018 Hello World",
    "author_lineid": "You can add the author by line id, https://line.me/ti/p/~zero-cool404"
}