{
    "ade": {
        "STKID": "62741551",
        "STKPKGID": "4069063"
    },
    "anj": {
        "STKID": "35128176",
        "STKPKGID": "10935"
    },
    "ari": {
        "STKID": "62741529",
        "STKPKGID": "4069063"
    },
    "asw": {
        "STKID": "35128181",
        "STKPKGID": "10935"
    },
    "eva": {
        "STKID": "113646307",
        "STKPKGID": "5518907"
    },
    "hmm": {
        "STKID": "41574235",
        "STKPKGID": "3426948"
    },
    "lol": {
        "STKID": "35128165",
        "STKPKGID": "10935"
    },
    "lonte": {
        "STKID": "55130897",
        "STKPKGID": "3837979"
    },
    "ok": {
        "STKID": "171754039",
        "STKPKGID": "13782"
    },
    "pred": {
        "STKID": "62741526",
        "STKPKGID": "4069063"
    },
    "predi": {
        "STKID": "29681206",
        "STKPKGID": "10569"
    },
    "riri": {
        "STKID": "187325982",
        "STKPKGID": "14498"
    },
    "toka": {
        "STKID": "187325966",
        "STKPKGID": "14498"
    },
    "wkwk": {
        "STKID": "35128165",
        "STKPKGID": "10935"
    }
}